{"cameraMode":{"drawMode":0,"name":"Shaded","section":"Shading Mode"},"sceneLighting":true,"audioPlay":false,"sceneViewState":{"showFog":true,"showMaterialUpdate":false,"showSkybox":true,"showFlares":true,"showImageEffects":true,"showParticleSystems":true},"in2DMode":false,"pivot":{"x":10.290282249450684,"y":0.9112535715103149,"z":2.84539794921875},"rotation":{"x":-0.006308363284915686,"y":0.018596261739730836,"z":-0.00011705112410709262,"w":-0.9998084902763367},"size":31.397415161132814,"orthographic":false}